{
	"info": {
		"_postman_id": "699ea034-b084-409e-a2b1-22042c236d51",
		"name": "Delivery",
		"schema": "https://schema.getpostman.com/json/collection/v2.1.0/collection.json",
		"_exporter_id": "14003162"
	},
	"item": [
		{
			"name": "Deliver",
			"request": {
				"method": "POST",
				"header": [],
				"body": {
					"mode": "raw",
					"raw": "{\r\n    \"originId\" : \"1\",\r\n    \"destinationId\" : \"2\",\r\n    \"numberOfPackage\" : \"12\",\r\n    \"costPerKilometer\" : 0.5\r\n}",
					"options": {
						"raw": {
							"language": "json"
						}
					}
				},
				"url": {
					"raw": "http://localhost:8080/delivery/deliver-package",
					"protocol": "http",
					"host": [
						"localhost"
					],
					"port": "8080",
					"path": [
						"delivery",
						"deliver-package"
					]
				}
			},
			"response": []
		}
	]
}