{
	"info": {
		"_postman_id": "67a86dd7-4834-494f-b66f-a78b2a989d07",
		"name": "Delivery Location",
		"schema": "https://schema.getpostman.com/json/collection/v2.1.0/collection.json",
		"_exporter_id": "14003162"
	},
	"item": [
		{
			"name": "Add Location",
			"request": {
				"auth": {
					"type": "noauth"
				},
				"method": "POST",
				"header": [],
				"body": {
					"mode": "raw",
					"raw": "{\r\n    \"name\" : \"Ontario\",\r\n    \"address\" : \"Canada\"\r\n}",
					"options": {
						"raw": {
							"language": "json"
						}
					}
				},
				"url": {
					"raw": "http://localhost:8080/delivery-location/create",
					"protocol": "http",
					"host": [
						"localhost"
					],
					"port": "8080",
					"path": [
						"delivery-location",
						"create"
					]
				}
			},
			"response": []
		},
		{
			"name": "Get all delivery locations",
			"protocolProfileBehavior": {
				"disableBodyPruning": true
			},
			"request": {
				"method": "GET",
				"header": [],
				"body": {
					"mode": "raw",
					"raw": "",
					"options": {
						"raw": {
							"language": "json"
						}
					}
				},
				"url": {
					"raw": "http://localhost:8080/delivery-location",
					"protocol": "http",
					"host": [
						"localhost"
					],
					"port": "8080",
					"path": [
						"delivery-location"
					]
				}
			},
			"response": []
		}
	]
}