{
	"info": {
		"_postman_id": "46da6b8c-b4a5-4ac1-8c85-4a7b3f019ac3",
		"name": "Route",
		"schema": "https://schema.getpostman.com/json/collection/v2.1.0/collection.json",
		"_exporter_id": "14003162"
	},
	"item": [
		{
			"name": "Create Route",
			"request": {
				"method": "POST",
				"header": [],
				"body": {
					"mode": "raw",
					"raw": "{\r\n    \"originId\" : \"1\",\r\n    \"destinationId\" : \"2\",\r\n    \"distanceInKilometer\" : \"12\"\r\n}",
					"options": {
						"raw": {
							"language": "json"
						}
					}
				},
				"url": {
					"raw": "http://localhost:8080/routes/create",
					"protocol": "http",
					"host": [
						"localhost"
					],
					"port": "8080",
					"path": [
						"routes",
						"create"
					]
				}
			},
			"response": []
		}
	]
}